,x_mso_km,y_mso_km,z_mso_km,r_hel_AU,di,bx_mes_nT,by_mes_nT,bz_mes_nT,time_YYYYMMDDHHmm
0,2371.5370703132958,-1597.4886579153408,-12354.2470703125,0.396590759419103,88.7,-9.614613802649773,-7.759049676556708,-12.677430152893065,2012-06-19 11:22:00
1,2406.1764746208787,-1601.0181589974509,-12346.890625,0.396590759419103,88.7,-5.517311086983002,-3.4275791908148534,-16.735540390014652,2012-06-19 11:22:00
2,2452.284377624791,-1605.6768586330802,-12336.6904296875,0.396590759419103,88.7,-6.586672911377928,0.3542561604965968,-16.444063186645508,2012-06-19 11:23:00
3,2498.2789091449395,-1610.2742973904114,-12326.0087890625,0.396590759419103,88.7,-5.323391562873443,3.4250649445010954,-16.865716934204098,2012-06-19 11:24:00
4,2544.209833257649,-1614.8169718484166,-12314.830078125,0.396590759419103,88.7,-7.1090462100388025,1.1866403966274035,-15.77000331878662,2012-06-19 11:25:00
5,2590.024137307467,-1619.3001951274289,-12303.177734375,0.396590759419103,88.7,-8.06617940211467,0.6757134807081577,-15.363096237182615,2012-06-19 11:26:00
6,2635.736362831439,-1623.7245450764403,-12291.0615234375,0.396590759419103,88.7,-5.217301444480071,7.090153388344209,-14.83714771270752,2012-06-19 11:27:00
7,2681.347828304075,-1628.0885349430246,-12278.4501953125,0.396590759419103,88.7,-3.4837052339656136,-2.6041879681085263,-17.385272979736328,2012-06-19 11:28:00
8,2726.852588742562,-1632.3940086901364,-12265.3701171875,0.396590759419103,88.7,-6.597347579272901,1.0638337918290477,-16.7938232421875,2012-06-19 11:29:00
9,2772.250953484826,-1636.6392160731375,-12251.8173828125,0.396590759419103,88.7,-8.51625129709781,0.2905842944810217,-14.406750679016113,2012-06-19 11:30:00
10,2817.5416418428786,-1640.8260081007265,-12237.78515625,0.396590759419103,88.7,-12.036083329417002,2.137926920095637,-11.452796936035154,2012-06-19 11:31:00
11,2862.720683770791,-1644.951605750428,-12223.263671875,0.396590759419103,88.7,-10.256954471011,-7.6814678590948295,-11.682711601257324,2012-06-19 11:32:00
12,2907.78797498163,-1649.0173698195922,-12208.275390625,0.396590759419103,88.7,-11.837952170612626,-6.827149149269317,-8.139491081237793,2012-06-19 11:33:00
13,2952.7414846067195,-1653.0226519050354,-12192.7958984375,0.396590759419103,88.7,-3.993180168144335,-4.408291775392391,-15.89345932006836,2012-06-19 11:34:00
14,2997.5790522994344,-1656.9679215634094,-12176.8505859375,0.396590759419103,88.7,-4.682984564846941,-7.729432046819325,-14.330322265625,2012-06-19 11:35:00
15,3042.298801860059,-1660.8516552692108,-12160.4267578125,0.396590759419103,88.7,-9.825662972055696,-4.8881029402182605,-4.719488143920898,2012-06-19 11:36:00
16,3086.89850644156,-1664.6760476327145,-12143.5224609375,0.396590759419103,88.7,-13.415762902166396,-4.400505342813432,-3.6689419746398926,2012-06-19 11:37:00
17,3131.3772521216497,-1668.4370207981867,-12126.1484375,0.396590759419103,88.7,-7.2491629809558225,3.2301842186878638,-12.775054931640625,2012-06-19 11:38:00
18,3175.732351569277,-1672.1370625954478,-12108.2880859375,0.396590759419103,88.7,-8.616271574909298,-9.297945021847175,-12.851263999938965,2012-06-19 11:39:00
19,3219.9635619469263,-1675.7761982155137,-12089.9521484375,0.396590759419103,88.7,-10.494483098330203,-0.2783393108760137,-11.375868797302244,2012-06-19 11:40:00
20,3264.0642545915052,-1679.352047155831,-12071.1484375,0.396590759419103,88.7,-12.536568183342519,-1.8099391641400224,-8.79232120513916,2012-06-19 11:41:00
21,3308.0370971928123,-1682.8666644626487,-12051.8583984375,0.396590759419103,88.7,-5.311654523099283,-2.5302330742576546,1.54336416721344,2012-06-19 11:42:00
22,3351.8789399088896,-1686.3157133243346,-12032.087890625,0.396590759419103,88.7,-4.780308268824457,7.2490312456460515,13.430859565734865,2012-06-19 11:43:00
23,3395.588122690543,-1689.706852195266,-12011.8583984375,0.396590759419103,88.7,-2.7231482212794016,9.106067937869994,12.391578674316404,2012-06-19 11:44:00
24,3439.164567937836,-1693.0322347018991,-11991.138671875,0.396590759419103,88.7,1.609308750412637,-6.326455740071737,5.180494785308838,2012-06-19 11:45:00
25,3482.598599936668,-1696.2932327411108,-11969.9462890625,0.396590759419103,88.7,14.135077832533964,-13.221998710188295,7.2222228050231925,2012-06-19 11:46:00
26,3525.896667490155,-1699.4928591002572,-11948.2705078125,0.396590759419103,88.7,11.117811966713349,-6.640436083955501,14.425592422485352,2012-06-19 11:47:00
27,3569.053397432177,-1702.6266394305712,-11926.126953125,0.396590759419103,88.7,-6.115527871700728,-14.157602106576805,6.13446855545044,2012-06-19 11:48:00
28,3612.0671997368213,-1705.6981749853912,-11903.498046875,0.396590759419103,88.7,-9.401698764286856,-14.324063620658235,-4.4178361892700195,2012-06-19 11:49:00
29,3654.9358707211763,-1708.7027853515121,-11880.3994140625,0.396590759419103,88.7,-5.719385523843697,-11.935205399808705,-9.178947448730467,2012-06-19 11:50:00
30,3697.6581387698902,-1711.644775103803,-11856.82421875,0.396590759419103,88.7,0.46609752256523496,-17.202028013045197,-8.576462745666504,2012-06-19 11:51:00
31,3740.23092961405,-1714.520535943182,-11832.7705078125,0.396590759419103,88.7,-0.5161286492624555,-18.724884469166195,4.158771991729736,2012-06-19 11:52:00
32,3782.652577654698,-1717.3329406104403,-11808.2353515625,0.396590759419103,88.7,-1.1404303535870142,-10.446162087636024,-11.658233642578125,2012-06-19 11:53:00
33,3824.920762326485,-1720.0785480709656,-11783.2294921875,0.396590759419103,88.7,-3.8589286528809983,-11.781198146582398,-15.487661361694336,2012-06-19 11:54:00
34,3867.03410217736,-1722.7582379833948,-11757.73828125,0.396590759419103,88.7,-5.345273611380363,-10.202447021467405,-16.040903091430664,2012-06-19 11:55:00
35,3909.002846765008,-1725.3714380001254,-11731.7666015625,0.396590759419103,88.7,-7.524053779195513,-9.618297491603618,-15.395885467529295,2012-06-19 11:56:00
36,3950.7867424896226,-1727.9181512098676,-11705.3291015625,0.396590759419103,88.7,-6.418430196017418,-6.528428011585819,-17.728839874267578,2012-06-19 11:57:00
37,3992.420842599124,-1730.3979321851655,-11678.4091796875,0.396590759419103,88.7,-7.266791628165663,-2.316194996120366,-16.733530044555664,2012-06-19 11:58:00
38,4033.892469160672,-1732.8116051837733,-11651.0068359375,0.396590759419103,88.7,-6.215866998121411,4.4362965490297945,-7.461573600769043,2012-06-19 11:59:00
39,4075.1966807782755,-1735.1564919472748,-11623.126953125,0.396590759419103,88.7,-7.373882249932308,10.832705280174732,-6.25665807723999,2012-06-19 12:00:00
40,4116.334139464072,-1737.434241956249,-11594.771484375,0.396590759419103,88.7,-3.16486433210693,3.9527930853088815,-17.580337524414062,2012-06-19 12:01:00
41,4157.300348187707,-1739.6440944613894,-11565.9326171875,0.396590759419103,88.7,-1.7440958843467342,-7.676563458165736,-18.83683586120605,2012-06-19 12:02:00
42,4198.093389440068,-1741.7864938283328,-11536.61328125,0.396590759419103,88.7,-5.161810172386907,-5.872623462081772,-15.57246208190918,2012-06-19 12:03:00
43,4238.714443145085,-1743.8586176983172,-11506.81640625,0.396590759419103,88.7,-3.4763373857736504,-8.233730531429966,-17.379562377929688,2012-06-19 12:04:00
44,4279.154716770167,-1745.8608872728546,-11476.5390625,0.396590759419103,88.7,-3.6586521619736136,-8.793693752337674,-17.172515869140625,2012-06-19 12:05:00
45,4319.417836759671,-1747.7951354153738,-11445.7783203125,0.396590759419103,88.7,-6.368901607235713,-9.63550856607387,-15.097503662109375,2012-06-19 12:06:00
46,4359.498962481661,-1749.6596552175213,-11414.541015625,0.396590759419103,88.7,-5.19736276915291,-10.825887902496723,-15.19980239868164,2012-06-19 12:07:00
47,4399.3961008539845,-1751.4541625323875,-11382.8203125,0.396590759419103,88.7,-3.3647886061803685,-12.252883239774091,-14.949140548706055,2012-06-19 12:08:00
48,4439.107233603472,-1753.1781303755454,-11350.6171875,0.396590759419103,88.7,-3.2223651912091715,-11.188409008827838,-14.764561653137207,2012-06-19 12:09:00
49,4478.628248610739,-1754.8297762655966,-11317.9345703125,0.396590759419103,88.7,-8.0994763511681,-10.712254730924222,-11.16788101196289,2012-06-19 12:10:00
50,4517.951065737363,-1756.4116565596635,-11284.7705078125,0.396590759419103,88.7,-6.457936178080736,-9.84807279193634,-13.654308319091795,2012-06-19 12:11:00
51,4557.096158907694,-1757.9223837250247,-11251.1123046875,0.396590759419103,88.7,-9.543769112265325,-9.92603926676253,-9.71500015258789,2012-06-19 12:12:00
52,4596.036621512647,-1759.3581217783906,-11216.9775390625,0.396590759419103,88.7,-9.595669062483529,-10.099573216407505,-9.75645637512207,2012-06-19 12:13:00
53,4634.779958351079,-1760.724964821773,-11182.359375,0.396590759419103,88.7,-11.964865006568056,-8.483161410375793,-5.179931163787842,2012-06-19 12:14:00
54,4673.322575215396,-1762.0166585344339,-11147.2568359375,0.396590759419103,88.7,-10.518389488879954,-8.745566637468611,-1.5625973939895632,2012-06-19 12:15:00
55,4711.661475436622,-1763.2374409908334,-11111.6689453125,0.396590759419103,88.7,-1.8888868334253808,-7.9860965801820365,-17.011201858520508,2012-06-19 12:16:00
56,4749.791758928161,-1764.382666041416,-11075.595703125,0.396590759419103,88.7,-4.200335220942313,-10.684447895390212,-13.44168472290039,2012-06-19 12:17:00
57,4787.717714146502,-1765.4558160301895,-11039.03515625,0.396590759419103,88.7,-9.082155288863143,-10.330926439806227,-8.856536865234375,2012-06-19 12:18:00
58,4825.429483490678,-1766.4517772778381,-11001.986328125,0.396590759419103,88.7,-9.817811004138193,-10.565979039504539,-8.55323600769043,2012-06-19 12:19:00
59,4862.927980882976,-1767.3746276400962,-10964.455078125,0.396590759419103,88.7,-10.406459467028538,-11.567414746565163,-4.798281192779541,2012-06-19 12:20:00
60,4900.210601611136,-1768.2229191645056,-10926.4306640625,0.396590759419103,88.7,-11.381583912547429,-7.766924325582849,-4.693509578704834,2012-06-19 12:21:00
61,4937.273183173742,-1768.9943836946368,-10887.91796875,0.396590759419103,88.7,-13.133459813955696,-7.441528546924631,-0.6107174158096313,2012-06-19 12:22:00
62,4974.115315468809,-1769.6898001250665,-10848.91796875,0.396590759419103,88.7,-10.427063271277405,-2.0139111753430186,7.358169078826903,2012-06-19 12:23:00
63,5010.731965408921,-1770.3079724134875,-10809.4287109375,0.396590759419103,88.7,-7.300580644542593,4.739798162773589,7.69858455657959,2012-06-19 12:24:00
64,5047.1203952809965,-1770.8509027146902,-10769.4453125,0.396590759419103,88.7,-0.3842821417404582,7.554968532490466,12.479936599731445,2012-06-19 12:25:00
65,5083.279691162746,-1771.3145131729398,-10728.9765625,0.396590759419103,88.7,-1.1622950726632806,0.18650579353982003,17.400115966796875,2012-06-19 12:26:00
66,5119.207190914138,-1771.7015344555732,-10688.01171875,0.396590759419103,88.7,0.5505865942990757,1.6287428579823562,15.05367374420166,2012-06-19 12:27:00
67,5154.8956164554465,-1772.0080579982168,-10646.5546875,0.396590759419103,88.7,-6.174794586138425,-11.653646365106384,10.480636596679688,2012-06-19 12:28:00
68,5190.3450363139755,-1772.2394766082434,-10604.6044921875,0.396590759419103,88.7,1.7094782907077786,-10.584440326345696,17.502996444702152,2012-06-19 12:29:00
69,5225.554795523332,-1772.3894765102484,-10562.15625,0.396590759419103,88.7,-1.4649002206743982,-3.7953248835970466,17.511215209960938,2012-06-19 12:30:00
70,5260.518403971006,-1772.457012808016,-10519.2197265625,0.396590759419103,88.7,-4.933476023905508,-6.001056499612044,5.762378692626952,2012-06-19 12:31:00
71,5295.233886720112,-1772.4467084869755,-10475.77734375,0.396590759419103,88.7,-9.937770140679618,8.492506291020247,4.665024757385254,2012-06-19 12:32:00
72,5329.700531376487,-1772.3564283915186,-10431.8466796875,0.396590759419103,88.7,-8.363286390168033,0.4693343654814725,-4.986429691314697,2012-06-19 12:33:00
73,5363.910700140448,-1772.183528526879,-10387.41796875,0.396590759419103,88.7,-5.842484898125242,3.530768315016445,-11.78814697265625,2012-06-19 12:34:00
74,5397.864569349105,-1771.9297087556658,-10342.490234375,0.396590759419103,88.7,-5.3322051011472595,5.1207305783411625,-13.51724624633789,2012-06-19 12:35:00
75,5431.555983418888,-1771.5924167745395,-10297.0634765625,0.396590759419103,88.7,0.116756127140988,6.717254410723344,-15.038253784179688,2012-06-19 12:36:00
76,5464.987011004996,-1771.1726652429568,-10251.134765625,0.396590759419103,88.7,8.796882021796057,11.012476947419069,-12.231544494628904,2012-06-19 12:37:00
77,5498.149093339721,-1770.6683966052442,-10204.7060546875,0.396590759419103,88.7,1.0791665171194982,-6.440560146290912,14.201354026794435,2012-06-19 12:38:00
78,5531.0403381049655,-1770.0802980645528,-10157.7763671875,0.396590759419103,88.7,2.1083911787824583,-5.62260417553861,20.659080505371094,2012-06-19 12:39:00
79,5563.65957242255,-1769.4065276848196,-10110.341796875,0.396590759419103,88.7,-0.9375879883501596,-10.695722734799006,16.215116500854492,2012-06-19 12:40:00
80,5595.999536358023,-1768.6480840340118,-10062.404296875,0.396590759419103,88.7,10.26725146554013,1.6796650832587012,19.85773277282715,2012-06-19 12:41:00
81,5628.060942305548,-1767.8071022677395,-10013.962890625,0.396590759419103,88.7,12.649098470786704,10.586425246472203,17.84084129333496,2012-06-19 12:42:00
82,5659.847866093974,-1766.8755506027192,-9964.9970703125,0.396590759419103,88.7,3.5508176818614103,16.391501241895366,11.837320327758787,2012-06-19 12:43:00
83,5691.326152279284,-1765.8601630507947,-9915.5556640625,0.396590759419103,88.7,2.259657791864484,16.312410969239547,11.923433303833008,2012-06-19 12:44:00
84,5722.521674638949,-1764.7548192571194,-9865.595703125,0.396590759419103,88.7,0.2810382024010138,12.734223546334993,14.34779167175293,2012-06-19 12:45:00
85,5753.425047155542,-1763.5636837499987,-9815.119140625,0.396590759419103,88.7,-1.5227656958788174,12.129780203824055,15.15737247467041,2012-06-19 12:46:00
86,5784.02758510628,-1762.2834847861816,-9764.138671875,0.396590759419103,88.7,-1.2309459682473287,13.689326522784985,12.944704055786133,2012-06-19 12:47:00
87,5814.327245026976,-1760.9134525437255,-9712.642578125,0.396590759419103,88.7,-1.7052860949374544,13.775100017430992,12.73200225830078,2012-06-19 12:48:00
88,5844.3201052268405,-1759.4441758141909,-9660.6376953125,0.396590759419103,88.7,0.9865678947539464,12.556002815233866,15.607278823852539,2012-06-19 12:49:00
89,5874.003784720789,-1757.895292199577,-9608.1162109375,0.396590759419103,88.7,-1.2743639418538601,5.786204979391093,16.791336059570312,2012-06-19 12:50:00
90,5903.370843183477,-1756.2518646832505,-9555.08203125,0.396590759419103,88.7,-2.2160202137262957,7.871174142624613,16.245594024658207,2012-06-19 12:51:00
91,5932.421539570803,-1754.5116573455414,-9501.53125,0.396590759419103,88.7,-7.4658745306956975,-4.898382314108758,7.4300971031188965,2012-06-19 12:52:00
92,5961.149413015055,-1752.6881038497413,-9447.4580078125,0.396590759419103,88.7,-8.381622524187122,10.679551655607185,8.674757957458496,2012-06-19 12:53:00
93,5989.550908591143,-1750.7658641229755,-9392.8759765625,0.396590759419103,88.7,-4.299165202820014,13.717058906421082,10.596125602722168,2012-06-19 12:54:00
94,6017.620165961931,-1748.7499642069158,-9337.771484375,0.396590759419103,88.7,-0.8267929000670781,11.170218834644043,15.482551574707033,2012-06-19 12:55:00
95,6045.353666492873,-1746.634878293371,-9282.14453125,0.396590759419103,88.7,-6.947386158527294,12.267240715309994,6.4823808670043945,2012-06-19 12:56:00
96,6072.7498423571105,-1744.4433504900117,-9225.994140625,0.396590759419103,88.7,-4.801448930529149,12.797721864038598,10.101873397827148,2012-06-19 12:57:00
97,6099.7926107809835,-1742.1291862680011,-9169.3349609375,0.396590759419103,88.7,-0.3582136544756764,13.358160663196823,12.944067001342773,2012-06-19 12:58:00
98,6126.502468949716,-1739.743276687761,-9112.1298828125,0.396590759419103,88.7,5.935611331405809,15.064146588722494,11.10910701751709,2012-06-19 12:59:00
99,6152.8501130540035,-1737.2444804800323,-9054.408203125,0.396590759419103,88.7,7.123541327251536,14.985286519426156,11.093300819396973,2012-06-19 13:00:00
100,6178.838298952203,-1734.6357026223666,-8996.15625,0.396590759419103,88.7,5.687335592184397,15.33512986428644,11.823370933532715,2012-06-19 13:01:00
101,6204.463155335552,-1731.9080175813544,-8937.3779296875,0.396590759419103,88.7,1.6338522206848225,14.172799888812575,13.265254020690918,2012-06-19 13:02:00
102,6229.722874628384,-1729.1244482554864,-8878.0693359375,0.396590759419103,88.7,-2.305413220464249,7.480802643649581,17.176826477050778,2012-06-19 13:03:00
103,6254.611011984618,-1726.237063962777,-8818.2255859375,0.396590759419103,88.7,-7.25102689211154,8.789598579600685,11.577951431274414,2012-06-19 13:04:00
104,6279.121235483582,-1723.2416125372765,-8757.8564453125,0.396590759419103,88.7,-12.284980798837488,5.8606814401111995,1.0484794378280642,2012-06-19 13:05:00
105,6303.245050831081,-1720.1271935086913,-8696.9462890625,0.396590759419103,88.7,-12.172196810348249,7.103124878161367,1.8471512794494631,2012-06-19 13:06:00
106,6326.983620867595,-1716.9192131247294,-8635.5029296875,0.396590759419103,88.7,-9.205539258719458,10.387845609395306,6.820741176605225,2012-06-19 13:07:00
107,6350.328318298111,-1713.6102210223435,-8573.5224609375,0.396590759419103,88.7,-8.612469859780965,9.792307246090502,9.6923246383667,2012-06-19 13:08:00
108,6373.272508909777,-1710.1930509853992,-8511.00390625,0.396590759419103,88.7,-11.110799014702998,7.068753618402178,8.64454460144043,2012-06-19 13:09:00
109,6395.815088351706,-1706.6712538852046,-8447.9423828125,0.396590759419103,88.7,-12.245668411875664,5.550739857142425,7.998474597930907,2012-06-19 13:10:00
110,6417.945184336586,-1703.0346668366476,-8384.3408203125,0.396590759419103,88.7,-11.217053160625124,3.24916185113468,8.293396949768066,2012-06-19 13:11:00
111,6439.662365625197,-1699.2980616187815,-8320.19140625,0.396590759419103,88.7,-10.904727685022971,0.7891222192761873,10.184452056884766,2012-06-19 13:12:00
112,6460.954316996616,-1695.4420979029346,-8255.5009765625,0.396590759419103,88.7,-10.669807751197537,2.296345585450659,9.058424949645996,2012-06-19 13:13:00
113,6481.819988535777,-1691.4850479574382,-8190.271484375,0.396590759419103,88.7,-13.602423177242636,4.600479245942218,6.181149959564209,2012-06-19 13:14:00
114,6502.254803585495,-1687.4111867984464,-8124.47802734375,0.396590759419103,88.7,-13.758410266223954,6.226774001061075,5.672138690948486,2012-06-19 13:15:00
115,6522.2480883946155,-1683.2311942577908,-8058.14306640625,0.396590759419103,88.7,-14.639128836838504,5.5065726722991215,4.4654860496521,2012-06-19 13:16:00
116,6541.795676407939,-1678.9285664570486,-7991.25146484375,0.396590759419103,88.7,-13.174256270417516,3.9458054189212253,4.197136878967285,2012-06-19 13:17:00
117,6560.888829528689,-1674.518445994756,-7923.81005859375,0.396590759419103,88.7,-10.953187693026461,-0.4935503242387611,3.3921267986297607,2012-06-19 13:18:00
118,6579.52566953026,-1669.9921914844126,-7855.81494140625,0.396590759419103,88.7,-13.103648892876787,-2.0994234936588607,5.487460136413574,2012-06-19 13:19:00
119,6597.692554175495,-1665.3460636530071,-7787.259765625,0.396590759419103,88.7,-14.000626554575716,-5.331452109513009,1.6189236640930176,2012-06-19 13:20:00
120,6615.389810947591,-1660.5832193882416,-7718.14990234375,0.396590759419103,88.7,-14.566948627814435,-4.7475955081037435,-4.07914400100708,2012-06-19 13:21:00
121,6632.608622122945,-1655.7038370541122,-7648.4755859375,0.396590759419103,88.7,-12.994801244630615,-6.371308598030622,-7.402207374572754,2012-06-19 13:22:00
122,6649.339313483438,-1650.6998385390868,-7578.23974609375,0.396590759419103,88.7,-11.22227444155128,-8.35914860032053,-9.108226776123047,2012-06-19 13:23:00
123,6665.574283519931,-1645.5783941130828,-7507.44384765625,0.396590759419103,88.7,-10.938977576616251,-10.612586059017543,-6.854090690612793,2012-06-19 13:24:00
124,6681.309553113862,-1640.3342711874539,-7436.080078125,0.396590759419103,88.7,-11.390644129880064,-11.205787626901028,-4.997238159179688,2012-06-19 13:25:00
125,6696.533883212215,-1634.9632357415212,-7364.14990234375,0.396590759419103,88.7,-11.534058320071276,-13.06884751166276,1.0294655561447144,2012-06-19 13:26:00
126,6711.240952993843,-1629.4706070365028,-7291.6484375,0.396590759419103,88.7,-10.465364014025894,-11.75112805530994,0.4420481026172638,2012-06-19 13:27:00
127,6725.4261717100735,-1623.849988678205,-7218.57958984375,0.396590759419103,88.7,1.4094904922733418,9.375913332548851,16.912113189697266,2012-06-19 13:28:00
128,6739.075505167032,-1618.1033274205329,-7144.93408203125,0.396590759419103,88.7,0.2497675722771681,7.826701904343825,18.65958595275879,2012-06-19 13:29:00
129,6752.189118602303,-1612.2227516989294,-7070.705078125,0.396590759419103,88.7,-3.0355899574214043,-4.1445390718567925,21.66950416564941,2012-06-19 13:30:00
130,6764.742437071676,-1606.2174379918833,-6995.92919921875,0.396590759419103,88.7,-0.6152403718711401,2.5900208950143533,21.654224395751964,2012-06-19 13:31:00
131,6776.744954402379,-1600.0795288263255,-6920.55126953125,0.396590759419103,88.7,-3.481919196174025,-1.6041568534163968,21.13331413269043,2012-06-19 13:32:00
132,6788.175944759914,-1593.8079833598206,-6844.59716796875,0.396590759419103,88.7,-0.6894556565256984,-7.892893897008653,21.197368621826172,2012-06-19 13:33:00
133,6799.035282189203,-1587.401587404791,-6768.06103515625,0.396590759419103,88.7,-4.673965267598763,-2.222940479360464,20.872467041015625,2012-06-19 13:34:00
134,6809.305205287961,-1580.859483501652,-6690.943359375,0.396590759419103,88.7,-8.742136899580593,-4.833230653196979,14.575051307678224,2012-06-19 13:35:00
135,6818.977666154527,-1574.179806550215,-6613.2392578125,0.396590759419103,88.7,-11.304847876339569,2.2625880541241443,14.124497413635256,2012-06-19 13:36:00
136,6828.049013153528,-1567.3604808495365,-6534.94482421875,0.396590759419103,88.7,-8.924653590192401,5.511003507150939,13.028407096862793,2012-06-19 13:37:00
137,6836.5050861360205,-1560.402238965944,-6456.064453125,0.396590759419103,88.7,-8.446573796362973,2.2596922850612344,16.211675643920902,2012-06-19 13:38:00
138,6844.335005768947,-1553.2995823091517,-6376.5927734375,0.396590759419103,88.7,1.8484655077961376,-1.1276535636199014,21.359634399414066,2012-06-19 13:39:00
139,6851.524302565428,-1546.0549936901261,-6296.52587890625,0.396590759419103,88.7,-4.407283953249832,-1.8898420473492408,16.336265563964847,2012-06-19 13:40:00
140,6858.069098170967,-1538.6642118702841,-6215.86474609375,0.396590759419103,88.7,-7.868244230957033,0.414246980328091,12.028701782226562,2012-06-19 13:41:00
141,6863.959452365802,-1531.1260589525882,-6134.607421875,0.396590759419103,88.7,-4.267845309475916,-18.579287524846933,4.108536720275879,2012-06-19 13:42:00
142,6869.178039040649,-1523.4391414203928,-6052.74951171875,0.396590759419103,88.7,-3.5490623868691955,-16.627915444040788,6.296607971191406,2012-06-19 13:43:00
143,6873.721566280096,-1515.6001190031454,-5970.29248046875,0.396590759419103,88.7,-8.229702177558586,-11.796053688296006,11.857945442199707,2012-06-19 13:44:00
144,6877.5628362824045,-1507.611813094536,-5887.23291015625,0.396590759419103,88.7,-2.384173500998429,-16.48199626068849,8.680737495422362,2012-06-19 13:45:00
145,6880.707615666388,-1499.4635620080044,-5803.541015625,0.396590759419103,88.7,2.560085749542949,-17.80895846659584,9.080804824829102,2012-06-19 13:46:00
146,6883.1300236088355,-1491.1661503932226,-5719.2998046875,0.396590759419103,88.7,-13.065758001297848,-8.655624260383227,2.1656873226165767,2012-06-19 13:47:00
147,6884.823843044622,-1482.7069688446536,-5634.4248046875,0.396590759419103,88.7,-9.952507303485334,-12.053923828411774,0.6133325099945068,2012-06-19 13:48:00
148,6885.7706183225655,-1474.0879318794434,-5548.93798828125,0.396590759419103,88.7,-10.64716753816144,-13.124891029558967,0.0792723223567009,2012-06-19 13:49:00
149,6885.951591499304,-1465.3080399645514,-5462.841796875,0.396590759419103,88.7,-8.515678511424007,-15.7492612287609,0.5513624548912048,2012-06-19 13:50:00
150,6885.484813844151,-1456.3506288093374,-5376.1318359375,0.396590759419103,88.7,-3.5991694164215744,-16.782247682834942,-2.3498661518096924,2012-06-19 13:51:00
151,6884.0207827175755,-1447.2490090433053,-5288.80908203125,0.396590759419103,88.7,-2.305383448158082,-18.809921333435227,-0.5961611866950989,2012-06-19 13:52:00
152,6881.8387934992115,-1437.9697895417996,-5200.87158203125,0.396590759419103,88.7,-5.9596651869472055,-17.040163532017313,-1.5718563795089722,2012-06-19 13:53:00
153,6878.866689183291,-1428.5177556326125,-5112.3173828125,0.396590759419103,88.7,-8.282704912195321,-15.265323965599391,1.1290528774261477,2012-06-19 13:54:00
154,6875.076894102846,-1418.892086146701,-5023.1435546875,0.396590759419103,88.7,-9.898036760390903,-9.024073826692574,5.123429298400879,2012-06-19 13:55:00
155,6870.414307305977,-1409.0916244210089,-4933.35009765625,0.396590759419103,88.7,-12.208714350262149,-3.3734159209537182,10.820286750793457,2012-06-19 13:56:00
156,6864.891480770442,-1399.1143320102053,-4842.93798828125,0.396590759419103,88.7,-11.358027236881206,-3.903691387627262,12.535842895507812,2012-06-19 13:57:00
157,6858.4928295589625,-1388.9566711693988,-4751.90478515625,0.396590759419103,88.7,-11.093706872159832,-8.99249172840831,9.448899269104004,2012-06-19 13:58:00
158,6851.189630317404,-1378.6162216309967,-4660.244140625,0.396590759419103,88.7,-12.674737274231866,-9.724166389768124,1.3404953479766846,2012-06-19 13:59:00
159,6842.977260060337,-1368.0910084581155,-4567.96435546875,0.396590759419103,88.7,-11.687697887899752,-11.871884930154984,-2.3768534660339355,2012-06-19 14:00:00
160,6833.834122367256,-1357.3810629224429,-4475.09375,0.396590759419103,88.7,-12.062099301480124,-12.696206484936232,2.0839054584503174,2012-06-19 14:01:00
161,6823.725951426545,-1346.4731262501846,-4381.52734375,0.396590759419103,88.7,-13.322959229656718,-11.00749318318566,4.44944429397583,2012-06-19 14:02:00
162,6812.651648437086,-1335.3755350262331,-4287.37109375,0.396590759419103,88.7,-13.166578210668677,-9.944354417892614,4.831383228302002,2012-06-19 14:03:00
163,6800.5816516955,-1324.0825196398073,-4192.5888671875,0.396590759419103,88.7,-14.832688422256634,-6.564903968557786,-0.1069186031818389,2012-06-19 14:04:00
164,6787.498856261878,-1312.5900863983188,-4097.1806640625,0.396590759419103,88.7,-16.01722211738468,-2.6991100583717507,-1.7263514995574951,2012-06-19 14:05:00
165,6773.378461968858,-1300.895776234207,-4001.146240234375,0.396590759419103,88.7,-15.588964744342954,-0.7907013630246311,-3.051010131835937,2012-06-19 14:06:00
166,6758.19768692224,-1288.9976570643375,-3904.48583984375,0.396590759419103,88.7,-13.75440730920301,5.977353004888292,-2.74931263923645,2012-06-19 14:07:00
167,6741.935824928779,-1276.8901451702075,-3807.20068359375,0.396590759419103,88.7,-10.496396688629117,6.527092273139651,0.4326753914356231,2012-06-19 14:08:00
168,6724.569709183309,-1264.5723302007755,-3709.288818359375,0.396590759419103,88.7,-11.041354481241157,7.948158073658526,-2.8206934928894043,2012-06-19 14:09:00
169,6706.074312799331,-1252.0395675508407,-3610.755126953125,0.396590759419103,88.7,-11.93591955429023,8.105815973762944,-0.2572023868560791,2012-06-19 14:10:00
170,6686.4214988618005,-1239.2903579208432,-3511.597412109375,0.396590759419103,88.7,-9.226269960151932,12.521151940046826,1.1034421920776367,2012-06-19 14:11:00
171,6665.586575013162,-1226.3185492984594,-3411.8154296875,0.396590759419103,88.7,-8.178185997072568,14.63864487453814,4.493760585784912,2012-06-19 14:12:00
172,6643.545838391186,-1213.1227960396463,-3311.419189453125,0.396590759419103,88.7,-8.339183313833892,14.922567097530447,4.099440574645996,2012-06-19 14:13:00
173,6620.263463899122,-1199.6984691750474,-3210.4033203125,0.396590759419103,88.7,-8.303268388015375,13.720103765097996,4.752114295959473,2012-06-19 14:14:00
174,6595.718473792319,-1186.0420994870728,-3108.7734375,0.396590759419103,88.7,-10.232009653868367,12.317029370052161,3.5613746643066406,2012-06-19 14:15:00
175,6569.875742772684,-1172.1510717432175,-3006.53173828125,0.396590759419103,88.7,-10.65636963964208,11.971315414518841,1.6663098335266107,2012-06-19 14:16:00
176,6542.707292117009,-1158.020679374189,-2903.69140625,0.396590759419103,88.7,-8.826216948392151,11.274699012088313,4.2852439880371085,2012-06-19 14:17:00
177,6514.17470461179,-1143.644966876931,-2800.228759765625,0.396590759419103,88.7,-13.66788764071897,5.415576162642068,-1.0971946716308594,2012-06-19 14:18:00
178,6484.250391994551,-1129.0229916636415,-2696.17529296875,0.396590759419103,88.7,-12.411367019879036,7.132826410020982,-3.8186769485473633,2012-06-19 14:19:00
179,6452.898876292989,-1114.1487387765992,-2591.528564453125,0.396590759419103,88.7,-10.06889557154978,8.075508447784172,-5.433527946472168,2012-06-19 14:20:00
180,6420.0818536531715,-1099.0173454815667,-2486.2919921875,0.396590759419103,88.7,-9.971897164537467,12.679266484601504,-3.5307605266571045,2012-06-19 14:21:00
181,6385.766954635352,-1083.629101523591,-2380.474609375,0.396590759419103,88.7,-10.06212867612136,11.68134764011765,3.7048845291137695,2012-06-19 14:22:00
182,6349.9094930828915,-1067.9744063274557,-2274.082763671875,0.396590759419103,88.7,-7.251761366553744,12.308448874324558,11.11113739013672,2012-06-19 14:23:00
183,6312.470843208423,-1052.050025984805,-2167.123779296875,0.396590759419103,88.7,-6.779232778216965,13.979960728241824,9.529939651489258,2012-06-19 14:24:00
184,6273.40988787188,-1035.8523714036455,-2059.608642578125,0.396590759419103,88.7,-12.143985569332926,7.9476243034796,1.0690721273422241,2012-06-19 14:25:00
185,6232.686204182097,-1019.3750815152524,-1951.5462646484373,0.396590759419103,88.7,-16.130859293642928,5.054172785360606,-5.855846405029298,2012-06-19 14:26:00
186,6190.253294787147,-1002.6147571736909,-1842.9486083984373,0.396590759419103,88.7,-15.957738833731867,5.1547967477467305,-4.695146083831787,2012-06-19 14:27:00
187,6146.059888203582,-985.5645672710488,-1733.8265380859375,0.396590759419103,88.7,-15.92953135156607,2.8261513728249885,-4.689001083374023,2012-06-19 14:28:00
188,6100.063883345767,-968.2209020606352,-1624.19580078125,0.396590759419103,88.7,-14.709236091214676,3.0671104890475784,0.2605539262294769,2012-06-19 14:29:00
189,6052.210274476098,-950.5787905158722,-1514.070068359375,0.396590759419103,88.7,-13.392170995925836,0.8320129202137707,-0.3651891052722931,2012-06-19 14:30:00
190,6002.44879924771,-932.6316650210609,-1403.4666748046875,0.396590759419103,88.7,-17.20050912407165,-1.4064788835489992,-2.616809129714966,2012-06-19 14:31:00
191,5950.723467977426,-914.3745338949266,-1292.4046630859375,0.396590759419103,88.7,-16.6128634435913,-3.1184888012924006,-2.167522668838501,2012-06-19 14:32:00
192,5896.977679351965,-895.8012416506463,-1180.8988037109375,0.396590759419103,88.7,-15.484883075007279,1.9292590872595028,-3.863253116607666,2012-06-19 14:33:00
193,5841.155235114284,-876.9095182016463,-1068.9862060546877,0.396590759419103,88.7,-15.84174287719744,-6.6543283115162675,-2.0522592067718506,2012-06-19 14:34:00
194,5783.1902250027015,-857.6886510935474,-956.6788940429688,0.396590759419103,88.7,-15.17585303958009,-8.844634128054055,-3.274272918701172,2012-06-19 14:35:00
195,5723.019027084125,-838.1357903638929,-844.00341796875,0.396590759419103,88.7,-13.330570561206322,-5.206302026265711,-2.534951686859131,2012-06-19 14:36:00
196,5660.581041285456,-818.2440908132812,-730.9945068359375,0.396590759419103,88.7,-11.659329031713426,-0.1763930224270069,2.9106087684631348,2012-06-19 14:37:00
197,5595.799179773556,-798.0086630688528,-617.6841430664062,0.396590759419103,88.7,-14.817945827450993,-2.001193240283825,-1.38795268535614,2012-06-19 14:38:00
198,5528.607487454471,-777.4230947147807,-504.1072082519531,0.396590759419103,88.7,-17.468919872579086,-3.471528494562968,-1.5691609382629397,2012-06-19 14:39:00
199,5458.923843407648,-756.4813003358977,-390.3040466308594,0.396590759419103,88.7,-16.723624498206693,-5.546378625810873,-3.806331157684326,2012-06-19 14:40:00
200,5386.675404920146,-735.1767229334946,-276.3178100585937,0.396590759419103,88.7,-14.304066187900832,-6.2968496560509655,-1.145483374595642,2012-06-19 14:41:00
201,5311.782580210625,-713.5039965323157,-162.19630432128906,0.396590759419103,88.7,-15.041153388898678,-9.39857062852454,-1.4207249879837036,2012-06-19 14:42:00
202,5234.156398526062,-691.4572553905855,-47.99193572998047,0.396590759419103,88.7,-7.006087640802146,5.842722448366108,-0.5266510248184204,2012-06-19 14:43:00
203,5153.71330711182,-669.0308080767428,66.23753356933594,0.396590759419103,88.7,2.229953514321025,24.689063611042787,-3.3300211429595947,2012-06-19 14:44:00
204,5070.358481923488,-646.2191505958582,180.42881774902344,0.396590759419103,88.7,-6.659421591778737,16.617300974271245,-4.3216280937194815,2012-06-19 14:45:00
205,4984.000984316903,-623.016375896761,294.51226806640625,0.396590759419103,88.7,-12.078623942382267,-0.1779748499680238,6.110713005065918,2012-06-19 14:46:00
206,4894.540723395357,-599.4182626994008,408.4114379882813,0.396590759419103,88.7,-16.775290743280234,-5.066624321923911,5.9095702171325675,2012-06-19 14:47:00
207,4801.876908463484,-575.4185759868742,522.0421752929689,0.396590759419103,88.7,-14.003187686658842,-5.446372766523417,10.756428718566896,2012-06-19 14:48:00
208,4705.890438771062,-551.0096665709352,635.3328247070312,0.396590759419103,88.7,-10.70937284452225,10.375516841269231,1.4489048719406128,2012-06-19 14:49:00
209,4606.5238527703395,-526.2007475102546,748.1203002929688,0.396590759419103,88.7,-18.301239623528897,-2.9206491894855446,8.176445960998535,2012-06-19 14:50:00
210,4503.615898991428,-500.9753491906595,860.3525390625,0.396590759419103,88.7,-15.39085374584062,-9.520571325161356,-0.1520033031702041,2012-06-19 14:51:00
211,4397.068156938347,-475.335888309095,971.8886108398438,0.396590759419103,88.7,-11.195377871355925,-16.981008709240918,0.3704550862312317,2012-06-19 14:52:00
212,4286.766003249979,-449.2800193026888,1082.5928955078123,0.396590759419103,88.7,-10.37519240019344,18.354158037593468,-6.1533355712890625,2012-06-19 14:53:00
213,4172.593243432553,-422.8091799900431,1192.317626953125,0.396590759419103,88.7,-4.2208782397349145,60.932461657846545,3.7159333229064937,2012-06-19 14:54:00
214,4054.430990111488,-395.922510305998,1300.8988037109375,0.396590759419103,88.7,-4.032394933785753,60.846362979695044,6.423786163330077,2012-06-19 14:55:00
215,3932.1610458902305,-368.6234353602795,1408.1580810546875,0.396590759419103,88.7,-3.7570511589416635,63.91675864982167,9.947798728942873,2012-06-19 14:56:00
216,3805.6607191167604,-340.91701237009875,1513.901123046875,0.396590759419103,88.7,-5.52929874649881,69.44582060736249,20.243860244750977,2012-06-19 14:57:00
217,3674.8167852792826,-312.80964825049165,1617.9114990234375,0.396590759419103,88.7,-11.126842422494876,73.15658323118235,42.95758819580078,2012-06-19 14:58:00
218,3539.5128972419607,-284.31077380337587,1719.9532470703125,0.396590759419103,88.7,1.7058565475161345,92.640175278223,1.3313528299331665,2012-06-19 14:59:00
219,3399.643515151835,-255.43225776099644,1819.774169921875,0.396590759419103,88.7,-25.822078070991267,69.19273711954646,62.0550651550293,2012-06-19 15:00:00
220,3255.106498133181,-226.19034118559105,1917.088623046875,0.396590759419103,88.7,-43.276720332497405,68.79484446548247,87.8985824584961,2012-06-19 15:01:00
221,3105.8147164039656,-196.60400333501457,2011.5968017578125,0.396590759419103,88.7,-71.01939300865088,28.822173481381927,118.3322982788086,2012-06-19 15:02:00
222,2951.679531653049,-166.69897644448793,2102.96435546875,0.396590759419103,88.7,-83.57746277818643,29.307050736473,113.35025787353516,2012-06-19 15:03:00
223,2792.711597182178,-136.51407180756905,2190.803466796875,0.396590759419103,88.7,-98.08980815263122,20.627002768462773,110.80347442626952,2012-06-19 15:04:00
224,2628.6872567077435,-106.05116712085146,2274.82763671875,0.396590759419103,88.7,-110.51599619114944,19.18300437279845,100.19810485839844,2012-06-19 15:05:00
225,2459.775302354873,-75.38522611242117,2354.528564453125,0.396590759419103,88.7,-118.05101513466951,13.718070422660956,76.64066314697266,2012-06-19 15:06:00
226,2285.934377234697,-44.55293848110522,2429.498046875,0.396590759419103,88.7,-138.37938378039013,14.057910983924556,54.70032119750977,2012-06-19 15:07:00
227,2107.2188892689583,-13.610298977007913,2499.27587890625,0.396590759419103,88.7,-149.25430645568193,8.710191750688978,30.26719856262207,2012-06-19 15:08:00
228,1923.7304604748101,17.378755314085534,2563.378662109375,0.396590759419103,88.7,-159.90623173055968,5.202364606929108,3.165823221206665,2012-06-19 15:09:00
229,1735.6194280741904,48.34207115114714,2621.30517578125,0.396590759419103,88.7,-173.884768364508,-2.1302535517309025,-17.42397117614746,2012-06-19 15:10:00
230,1543.0910634289253,79.19848224287944,2672.5439453125,0.396590759419103,88.7,-180.47978239859933,-15.13631856393772,-57.01068115234375,2012-06-19 15:11:00
231,1346.4155842714267,109.85830328359634,2716.579345703125,0.396590759419103,88.7,-175.83516839057071,-20.750311520157272,-105.13277435302734,2012-06-19 15:12:00
232,1145.9302133130432,140.2235971975579,2752.903076171875,0.396590759419103,88.7,-156.9393893709886,-32.446421805690875,-148.9891815185547,2012-06-19 15:13:00
233,942.0415136338468,170.18873188693397,2781.027587890625,0.396590759419103,88.7,-133.70612943119505,-43.03872653860469,-201.2773284912109,2012-06-19 15:14:00
234,735.2300051440852,199.6420173461252,2800.490234375,0.396590759419103,88.7,-91.34568583659257,-51.35851447419663,-249.28302001953125,2012-06-19 15:15:00
235,526.0453459008888,228.46660946176414,2810.880126953125,0.396590759419103,88.7,-53.84769072797053,-56.527530534690364,-305.637939453125,2012-06-19 15:16:00
236,315.1051219774233,256.5435983490054,2811.8369140625,0.396590759419103,88.7,-6.937313950439091,-60.92194174973842,-349.42352294921875,2012-06-19 15:17:00
237,103.08430754799495,283.7537913577113,2803.08544921875,0.396590759419103,88.7,45.810597622071846,-68.88014645957765,-379.8703918457031,2012-06-19 15:18:00
238,-109.29458256954284,309.9802889229822,2784.42822265625,0.396590759419103,88.7,89.83789110363335,-85.49012482340395,-381.1461486816406,2012-06-19 15:19:00
239,-321.25527602969015,335.1102953714048,2755.77392578125,0.396590759419103,88.7,136.77956101610948,-89.56884636842625,-375.5732421875,2012-06-19 15:20:00
240,-532.0887426511408,359.04879943286505,2717.11572265625,0.396590759419103,88.7,190.1299286503302,-91.5723640576034,-360.561767578125,2012-06-19 15:21:00
241,-740.9635320795577,381.69796446883316,2668.57568359375,0.396590759419103,88.7,236.67778870839496,-92.50535074577841,-327.3157653808594,2012-06-19 15:22:00
242,-947.1548153985724,402.9831337266369,2610.36865234375,0.396590759419103,88.7,271.63270493809733,-91.00953888904155,-285.9689025878906,2012-06-19 15:23:00
243,-1149.951160714758,422.8434479628932,2542.804443359375,0.396590759419103,88.7,290.75556424690717,-86.94256809280138,-235.9441375732422,2012-06-19 15:24:00
244,-1348.7020342291048,441.2348643354235,2466.2822265625,0.396590759419103,88.7,294.95145302467773,-83.95565852670165,-178.06822204589844,2012-06-19 15:25:00
245,-1542.8200314876462,458.12504660871315,2381.28173828125,0.396590759419103,88.7,290.35677201778645,-76.50895903259016,-125.82782745361328,2012-06-19 15:26:00
246,-1731.7941799380926,473.5062520225165,2288.329833984375,0.396590759419103,88.7,278.7902149444749,-68.68455614048412,-78.35177612304688,2012-06-19 15:27:00
247,-1915.1995773399428,487.3805861998008,2188.012451171875,0.396590759419103,88.7,257.2457257809556,-59.64745615909043,-39.664363861083984,2012-06-19 15:28:00
248,-2092.688477065149,499.76516194796926,2080.92431640625,0.396590759419103,88.7,227.79240895130226,-52.65135986256929,-6.965613842010497,2012-06-19 15:29:00
249,-2263.9985292032543,510.6887284887998,1967.6829833984373,0.396590759419103,88.7,198.03957548475682,-44.88460011364646,17.9805965423584,2012-06-19 15:30:00
250,-2428.944596884024,520.1908636087119,1848.9007568359373,0.396590759419103,88.7,170.68243840911842,-37.14554429991938,30.90345573425293,2012-06-19 15:31:00
251,-2587.409481592706,528.3201130948964,1725.177490234375,0.396590759419103,88.7,150.7358012476683,-30.49095123465588,33.594188690185554,2012-06-19 15:32:00
252,-2739.346980041655,535.1279668978532,1597.0914306640625,0.396590759419103,88.7,135.18978774207332,-25.62689859813065,29.430795669555664,2012-06-19 15:33:00
253,-2884.757161602909,540.6742464373729,1465.19189453125,0.396590759419103,88.7,114.07458696068872,-22.969072106265006,30.982704162597656,2012-06-19 15:34:00
254,-3023.689141780903,545.0183488430248,1329.9970703125,0.396590759419103,88.7,77.76796800166522,-18.93449822472803,40.99938583374024,2012-06-19 15:35:00
255,-3156.276894713706,548.2237545047557,1191.9420166015625,0.396590759419103,88.7,53.20571937611938,-15.919324138552895,52.54058456420898,2012-06-19 15:36:00
256,-3282.5183231289802,550.3506936896283,1051.6038818359377,0.396590759419103,88.7,42.02292845354167,-14.148053281452176,60.53788375854492,2012-06-19 15:37:00
257,-3402.680685228088,551.4626883860274,909.2557373046876,0.396590759419103,88.7,27.871771569518447,-13.386168954941681,57.49188995361328,2012-06-19 15:38:00
258,-3516.8870659954164,551.619991831647,765.311279296875,0.396590759419103,88.7,12.845007099675856,-12.276739811572654,35.331302642822266,2012-06-19 15:39:00
259,-3625.320735584693,550.8809706403717,620.105712890625,0.396590759419103,88.7,3.6548987190027447,-9.793967244783495,41.644126892089844,2012-06-19 15:40:00
260,-3728.163696805153,549.3012388493389,473.9397277832031,0.396590759419103,88.7,-5.692883748700794,-8.32369187830324,33.763473510742195,2012-06-19 15:41:00
261,-3825.61253531248,546.9350204535385,327.0843811035156,0.396590759419103,88.7,-11.982203688881222,-5.113511349872162,43.943336486816406,2012-06-19 15:42:00
262,-3917.8581731515633,543.8339974719693,179.78099060058594,0.396590759419103,88.7,-16.07953541862181,-0.0895572879713597,34.178733825683594,2012-06-19 15:43:00
263,-4005.0999974166903,540.0462738344158,32.24491500854492,0.396590759419103,88.7,-22.70284562140221,1.9367597640472243,29.08200454711914,2012-06-19 15:44:00
264,-4087.5298553916523,535.6158879691684,-115.33262634277344,0.396590759419103,88.7,-28.812611327638614,2.9103419614384194,34.191650390625,2012-06-19 15:45:00
265,-4165.339569169221,530.5866354670015,-262.7822265625,0.396590759419103,88.7,-33.11827924362973,2.2985915362081077,38.56414794921875,2012-06-19 15:46:00
266,-4238.7091570182065,524.9997319149078,-409.95416259765625,0.396590759419103,88.7,-34.695830933736595,1.7691892551112574,34.15361785888672,2012-06-19 15:47:00
267,-4307.825673197616,518.8956016510639,-556.7162475585939,0.396590759419103,88.7,-38.202921227433336,2.673838034944197,25.12819480895996,2012-06-19 15:48:00
268,-4372.859781664682,512.2986354640525,-702.952880859375,0.396590759419103,88.7,-47.89089409997289,2.1618885083763932,19.51980972290039,2012-06-19 15:49:00
269,-4433.981112579948,505.24928568213363,-848.5618286132812,0.396590759419103,88.7,-54.97831714157502,2.3241752759277863,15.340292930603027,2012-06-19 15:50:00
270,-4491.3428161376505,497.7805711610781,-993.4400024414062,0.396590759419103,88.7,-65.87823037482528,1.5145818524321155,13.694754600524902,2012-06-19 15:51:00
271,-4545.122560796454,489.9157878937585,-1137.552734375,0.396590759419103,88.7,-70.70051512777317,1.5844422225417247,10.061169624328613,2012-06-19 15:52:00
272,-4595.446703501075,481.6852115214752,-1280.7890625,0.396590759419103,88.7,-70.85689559358242,0.1578048815055979,7.414822101593018,2012-06-19 15:53:00
273,-4642.466390264071,473.11200532592187,-1423.1053466796875,0.396590759419103,88.7,-68.88853734706714,1.3461394569019376,4.941273212432861,2012-06-19 15:54:00
274,-4686.314091025432,464.2191222776783,-1564.448974609375,0.396590759419103,88.7,-73.31636191171259,0.8051951560312887,3.3637845516204834,2012-06-19 15:55:00
275,-4727.11834624063,455.0294934379126,-1704.7794189453125,0.396590759419103,88.7,-76.66044063231372,0.3701680527615849,1.4005215167999268,2012-06-19 15:56:00
276,-4765.00814500163,445.5609102252856,-1844.0572509765625,0.396590759419103,88.7,-76.07786357850506,1.2523589100389358,2.254045009613037,2012-06-19 15:57:00
277,-4800.094682761353,435.8347280561829,-1982.2520751953125,0.396590759419103,88.7,-66.17042318327594,2.7938234409727443,4.650431156158447,2012-06-19 15:58:00
278,-4832.491994197856,425.8665465380582,-2119.336181640625,0.396590759419103,88.7,-61.38241314160903,3.0526653826386787,6.427335739135742,2012-06-19 15:59:00
279,-4862.305447411678,415.6736006674546,-2255.28759765625,0.396590759419103,88.7,-61.003289813531886,3.2993530440409984,6.0280208587646475,2012-06-19 16:00:00
280,-4889.636310979481,405.2714643782747,-2390.089111328125,0.396590759419103,88.7,-63.74270491950224,2.1306519618907767,2.3688406944274902,2012-06-19 16:01:00
281,-4914.5840689696415,394.6727058628094,-2523.724609375,0.396590759419103,88.7,-64.31946351334707,3.1918436749062384,1.8993841409683228,2012-06-19 16:02:00
282,-4937.239141366537,383.89242901577387,-2656.181396484375,0.396590759419103,88.7,-64.35851679976899,3.3433832757040705,1.4229583740234375,2012-06-19 16:03:00
283,-4957.685225025153,372.94244658864767,-2787.451904296875,0.396590759419103,88.7,-66.10868346774507,3.432439174304477,0.3825867474079132,2012-06-19 16:04:00
284,-4976.009429121195,361.8343400774575,-2917.529052734375,0.396590759419103,88.7,-66.39199928730346,3.084736890264253,-0.6422411203384399,2012-06-19 16:05:00
285,-4992.285951132652,350.5829939931682,-3046.359619140625,0.396590759419103,88.7,-66.25080681221435,3.4081836791358455,-0.7049131393432617,2012-06-19 16:06:00
286,-5006.60441902291,339.18641284034675,-3174.085205078125,0.396590759419103,88.7,-66.40373512425485,2.016441574402052,-1.0874024629592896,2012-06-19 16:07:00
287,-5019.022087575668,327.6665158896285,-3300.56005859375,0.396590759419103,88.7,-67.20943958265961,2.7724587318469958,-3.030900239944458,2012-06-19 16:08:00
288,-5029.611137491719,316.02821065914395,-3425.83251953125,0.396590759419103,88.7,-68.8105266934694,1.4076999678531483,-2.3614814281463623,2012-06-19 16:09:00
289,-5038.437264909121,304.28014548439023,-3549.904541015625,0.396590759419103,88.7,-67.03503311161737,1.3216807884970194,-3.454061269760132,2012-06-19 16:10:00
290,-5045.565566931327,292.4299263140747,-3672.779052734375,0.396590759419103,88.7,-69.19750923055649,1.4978960034046054,-5.026768207550049,2012-06-19 16:11:00
291,-5051.052796017713,280.4851656601131,-3794.4599609375,0.396590759419103,88.7,-65.68591569227272,1.5194970100269531,-5.256547451019287,2012-06-19 16:12:00
292,-5054.95562275685,268.4526868124958,-3914.947509765625,0.396590759419103,88.7,-62.350263227538484,1.4203052188051402,-4.464353084564209,2012-06-19 16:13:00
293,-5057.321956693495,256.3400378096194,-4034.252197265625,0.396590759419103,88.7,-60.335526574390194,1.5790160528218848,-4.321025848388672,2012-06-19 16:14:00
294,-5058.226318735047,244.1510243281591,-4152.37890625,0.396590759419103,88.7,-59.568070377602616,1.5920959914688237,-5.685368537902832,2012-06-19 16:15:00
295,-5057.679549680057,231.89550570633216,-4269.33203125,0.396590759419103,88.7,-64.24454757244371,0.4425030325380419,-6.7499871253967285,2012-06-19 16:16:00
296,-5055.785184982715,219.5730505114261,-4385.119140625,0.396590759419103,88.7,-59.89250627522325,3.112947366118135,-5.113893508911133,2012-06-19 16:17:00
297,-5052.5389150492965,207.19416928391,-4499.748046875,0.396590759419103,88.7,-58.28919902331951,0.4108892226425382,-6.619082927703857,2012-06-19 16:18:00
298,-5047.999997035371,194.76222613389112,-4613.22705078125,0.396590759419103,88.7,-56.19104525268415,2.5574415730949625,-4.097165107727052,2012-06-19 16:19:00
299,-5042.223222554912,182.28012796906484,-4725.5625,0.396590759419103,88.7,-54.20287666099525,-0.3481235964980556,-3.91374135017395,2012-06-19 16:20:00
300,-5035.228414619663,169.75440920329856,-4836.76416015625,0.396590759419103,88.7,-55.44162592931745,1.022681391983582,-4.821807861328125,2012-06-19 16:21:00
301,-5027.060853619091,157.1862020808112,-4946.8564453125,0.396590759419103,88.7,-57.35904710482276,2.2083075857651413,-6.237492084503174,2012-06-19 16:22:00
302,-5017.760930207603,144.58628912763746,-5055.796875,0.396590759419103,88.7,-61.71490530909715,-0.4230132132389315,-8.974772453308105,2012-06-19 16:23:00
303,-5007.360743021527,131.9517700954384,-5163.6455078125,0.396590759419103,88.7,-61.01309429825913,-0.6011206546339167,-9.829689025878906,2012-06-19 16:24:00
304,-4995.890812518795,119.28819241217572,-5270.392578125,0.396590759419103,88.7,-55.0339871240592,-0.4349773453753585,-6.539437770843506,2012-06-19 16:25:00
305,-4983.394589748319,106.59798261900869,-5376.05224609375,0.396590759419103,88.7,-40.567506327718895,1.044745277767987,-4.662041664123535,2012-06-19 16:26:00
306,-4969.895102216688,93.88544046484822,-5480.62744140625,0.396590759419103,88.7,-42.81623609025903,-3.6170196609875767,-5.457097053527832,2012-06-19 16:27:00
307,-4955.421117362317,81.15341118293874,-5584.1298828125,0.396590759419103,88.7,-42.539834301373894,0.4379956647127585,-6.2496256828308105,2012-06-19 16:28:00
308,-4940.005773698896,68.40428656825316,-5686.56884765625,0.396590759419103,88.7,-43.64327474989784,-0.767855875414412,-3.551633358001709,2012-06-19 16:29:00
309,-4923.671499698412,55.64132398291258,-5787.95361328125,0.396590759419103,88.7,-32.28702174796516,4.719801037668403,-5.482853412628174,2012-06-19 16:30:00
310,-4906.451402385794,42.86661167499551,-5888.28662109375,0.396590759419103,88.7,-27.203586927846512,8.13841402641755,-3.0176181793212886,2012-06-19 16:31:00
311,-4888.366844416662,30.08259713000007,-5987.5888671875,0.396590759419103,88.7,-22.156818816223478,15.492294379823631,-2.8288850784301762,2012-06-19 16:32:00
312,-4869.443136824426,17.291931870971894,-6085.8603515625,0.396590759419103,88.7,-19.397994833897386,21.427749308436557,-1.575853943824768,2012-06-19 16:33:00
313,-4849.706987838928,4.496539535766715,-6183.11181640625,0.396590759419103,88.7,-0.0248787194001067,39.04515230608521,4.229430675506592,2012-06-19 16:34:00
314,-4829.178249559791,-8.301497273747373,-6279.353515625,0.396590759419103,88.7,1.4973188669456758,40.790998818527925,2.933908224105835,2012-06-19 16:35:00
315,-4807.880722464426,-21.09989191815476,-6374.59375,0.396590759419103,88.7,-5.6819144372233055,40.89174660677311,3.3897042274475098,2012-06-19 16:36:00
316,-4785.838194434733,-33.896479176797584,-6468.8291015625,0.396590759419103,88.7,-9.882523015384463,38.200318824205276,-0.7706280350685121,2012-06-19 16:37:00
317,-4763.06140700118,-46.691821069929574,-6562.10009765625,0.396590759419103,88.7,-1.3434269163043666,37.214324000781076,3.193019390106201,2012-06-19 16:38:00
318,-4739.581751207701,-59.48144228371165,-6654.3857421875,0.396590759419103,88.7,10.850238423368141,1.9443987696029053,7.249846935272218,2012-06-19 16:39:00
319,-4715.41306526981,-72.26444655859086,-6745.703125,0.396590759419103,88.7,19.41500592795013,6.128064400735482,13.03640079498291,2012-06-19 16:40:00
320,-4690.573671837869,-85.03929830446576,-6836.0625,0.396590759419103,88.7,11.955724617325261,26.677743564227605,8.753230094909668,2012-06-19 16:41:00
321,-4665.082861763422,-97.80459304998476,-6925.466796875,0.396590759419103,88.7,6.2648756770914105,31.79559554168044,7.822617530822754,2012-06-19 16:42:00
322,-4638.957954858001,-110.5589979878805,-7013.931640625,0.396590759419103,88.7,5.593438619133451,34.37473445799009,8.056394577026367,2012-06-19 16:43:00
323,-4612.216283528645,-123.30105889212791,-7101.458984375,0.396590759419103,88.7,13.164475353388186,29.273947188680467,10.116206169128418,2012-06-19 16:44:00
324,-4584.874158450299,-136.02970644767262,-7188.0615234375,0.396590759419103,88.7,14.701833571992966,28.269455243305263,8.411062240600586,2012-06-19 16:45:00
325,-4556.944042684181,-148.74310402694573,-7273.7392578125,0.396590759419103,88.7,11.240692923423863,34.56618059011332,3.6378476619720463,2012-06-19 16:46:00
326,-4528.446602236133,-161.44078752661153,-7358.51025390625,0.396590759419103,88.7,8.564524943163919,33.44186773552626,5.037152290344238,2012-06-19 16:47:00
327,-4499.3923228296035,-174.12105269256423,-7442.373046875,0.396590759419103,88.7,-7.518759962681769,-23.35055001473747,6.397323131561278,2012-06-19 16:48:00
328,-4469.795550397278,-186.78284116445502,-7525.34033203125,0.396590759419103,88.7,-16.680655205743605,-26.00333689457929,1.9180177450180047,2012-06-19 16:49:00
329,-4439.673535475393,-199.42548793818423,-7607.42041015625,0.396590759419103,88.7,-17.976477542343815,-27.364091748227445,0.6889671087265015,2012-06-19 16:50:00
330,-4409.037197505962,-212.04783999405208,-7688.6162109375,0.396590759419103,88.7,-17.196130841629287,-30.32695124200817,1.5902261734008791,2012-06-19 16:51:00
331,-4377.914127152342,-224.6441993853632,-7768.90576171875,0.396590759419103,88.7,-19.813841561971323,-28.27367160232636,-0.766038179397583,2012-06-19 16:52:00
332,-4346.277427173625,-237.22777621709332,-7848.3896484375,0.396590759419103,88.7,-22.742097334469772,-27.407419792998642,-1.3268756866455078,2012-06-19 16:53:00
333,-4314.175332275329,-249.78315573628424,-7926.978515625,0.396590759419103,88.7,-19.8925006876363,-29.43587554153201,-1.1175934076309204,2012-06-19 16:54:00
334,-4281.611793157673,-262.31484373224794,-8004.716796875,0.396590759419103,88.7,-20.056558880266266,-31.0319325553518,-2.060119867324829,2012-06-19 16:55:00
335,-4248.594788447025,-274.8216429079639,-8081.60791015625,0.396590759419103,88.7,-18.72523467331409,-32.65080663509964,-0.3864924311637878,2012-06-19 16:56:00
336,-4215.135687048345,-287.3027997046911,-8157.6552734375,0.396590759419103,88.7,-15.105331934279661,-35.64092977759874,2.154365062713623,2012-06-19 16:57:00
337,-4181.248295688379,-299.7577214097709,-8232.8642578125,0.396590759419103,88.7,-14.756888342835481,-36.775380333452354,2.441162347793579,2012-06-19 16:58:00
338,-4146.942013806505,-312.18571095120205,-8307.2548828125,0.396590759419103,88.7,-14.407576914077197,-36.882728974262974,2.3995513916015625,2012-06-19 16:59:00
339,-4112.223828998556,-324.5856599847125,-8380.818359375,0.396590759419103,88.7,-14.43744602363674,-36.07197804612727,3.0501692295074463,2012-06-19 17:00:00
340,-4077.109942516003,-336.95755402070614,-8453.5654296875,0.396590759419103,88.7,-14.413829962177632,-35.67178296564843,3.5063977241516118,2012-06-19 17:01:00
341,-4041.604897047917,-349.30019216687964,-8525.505859375,0.396590759419103,88.7,-15.381667117081266,-35.88615612452146,3.49359130859375,2012-06-19 17:02:00
342,-4005.721487035581,-361.6132755574772,-8596.63671875,0.396590759419103,88.7,-10.669563221788422,-32.673612444152184,5.7798824310302725,2012-06-19 17:03:00
343,-3969.464474389004,-373.8958561513814,-8666.98046875,0.396590759419103,88.7,-15.660797915341131,-4.811221484823221,4.085522651672363,2012-06-19 17:04:00
344,-3932.849326926993,-386.14789131515306,-8736.525390625,0.396590759419103,88.7,-16.50994394932178,-23.41648173015205,0.0784512534737587,2012-06-19 17:05:00
345,-3895.8800747013283,-398.36838968648726,-8805.2841796875,0.396590759419103,88.7,-23.58302407145236,-6.242265374957866,-5.274180889129639,2012-06-19 17:06:00
346,-3858.5673051639296,-410.55703247181395,-8873.263671875,0.396590759419103,88.7,-12.177545462865625,-24.235989905801397,4.481713771820068,2012-06-19 17:07:00
347,-3820.910143379476,-422.715155591147,-8940.48046875,0.396590759419103,88.7,-10.542548162251279,-13.919199084684296,2.8774254322052,2012-06-19 17:08:00
348,-3782.9411605518603,-434.83637159936393,-9006.9052734375,0.396590759419103,88.7,-18.52440163695847,-9.760739026958646,2.319442749023437,2012-06-19 17:09:00
349,-3744.6450545130797,-446.9262246036872,-9072.578125,0.396590759419103,88.7,-7.837419133292116,-37.98567384364775,7.174742698669434,2012-06-19 17:10:00
350,-3706.035603079187,-458.982034478729,-9137.4912109375,0.396590759419103,88.7,-2.687736804492957,-29.840209352779226,6.167670726776122,2012-06-19 17:11:00
351,-3667.12239657061,-471.0036301958789,-9201.6474609375,0.396590759419103,88.7,-1.9441012217286868,-33.585243575772154,8.197230339050293,2012-06-19 17:12:00
352,-3627.912363148125,-482.9904763556283,-9265.0595703125,0.396590759419103,88.7,-4.143047749532968,-32.791124262304095,7.630482196807861,2012-06-19 17:13:00
353,-3588.4128949990145,-494.9422966289885,-9327.7275390625,0.396590759419103,88.7,-10.241409435605119,-32.90480218228689,5.869190692901611,2012-06-19 17:14:00
354,-3548.6297198728143,-506.8582968596092,-9389.65625,0.396590759419103,88.7,-9.918472529823234,-32.57587133087463,4.269134521484375,2012-06-19 17:15:00
355,-3508.569724601293,-518.7383400532808,-9450.8544921875,0.396590759419103,88.7,-8.430488669994219,-34.8222884120298,7.364567756652832,2012-06-19 17:16:00
356,-3468.241521857063,-530.5822151267112,-9511.3193359375,0.396590759419103,88.7,-0.7138637021505758,-37.95928970013893,13.51164436340332,2012-06-19 17:17:00
357,-3427.649357960771,-542.3892120263026,-9571.0595703125,0.396590759419103,88.7,1.9865209740095648,-35.50016195644092,17.084192276000973,2012-06-19 17:18:00
358,-3386.8010981792213,-554.1592262238546,-9630.083984375,0.396590759419103,88.7,5.4664137716778365,-26.95971755404623,20.560117721557614,2012-06-19 17:19:00
359,-3345.7029205121166,-565.8918554353031,-9688.3916015625,0.396590759419103,88.7,8.079554144406728,-20.860010233157343,24.056381225585934,2012-06-19 17:20:00
360,-3304.359777750513,-577.5866776629217,-9745.9912109375,0.396590759419103,88.7,-4.367372478775423,-33.95491618077919,13.475504875183105,2012-06-19 17:21:00
361,-3262.7785716833446,-589.2434117277263,-9802.8837890625,0.396590759419103,88.7,14.014990168603973,-15.683277829389148,24.94306564331055,2012-06-19 17:22:00
362,-3220.9692708702605,-600.8606065404748,-9859.0673828125,0.396590759419103,88.7,12.507880061645182,-21.268627334701506,24.421300888061523,2012-06-19 17:23:00
363,-3178.9246680812685,-612.4414876850278,-9914.5654296875,0.396590759419103,88.7,3.7232461379940913,-30.162862367981745,18.687803268432614,2012-06-19 17:24:00
364,-3136.663322132497,-623.9822429695761,-9969.3662109375,0.396590759419103,88.7,-10.388453903209763,-31.38995448284257,5.292348384857178,2012-06-19 17:25:00
365,-3094.1863779362325,-635.4836661523622,-10023.4765625,0.396590759419103,88.7,-8.728220099919483,-32.02708676618919,4.850852012634277,2012-06-19 17:26:00
366,-3051.4985218294373,-646.9455377048163,-10076.9033203125,0.396590759419103,88.7,-3.8511283978772384,37.462528655568796,6.2593016624450675,2012-06-19 17:27:00
367,-3008.605446136784,-658.3674049608435,-10129.64453125,0.396590759419103,88.7,-8.27709747417326,10.623361697204828,9.864553451538086,2012-06-19 17:28:00
368,-2965.5130198940446,-669.7494778938435,-10181.71484375,0.396590759419103,88.7,-3.01081758357492,-14.426683382579588,9.414161682128906,2012-06-19 17:29:00
369,-2922.225481549676,-681.0911223369421,-10233.11328125,0.396590759419103,88.7,-5.629591938521955,-17.318897636036425,7.639945030212402,2012-06-19 17:30:00
370,-2878.747271454248,-692.392123925243,-10283.8388671875,0.396590759419103,88.7,-2.1864791907769927,-14.968739323193207,0.0822334662079811,2012-06-19 17:31:00
371,-2835.084542416447,-703.6523232121982,-10333.900390625,0.396590759419103,88.7,-3.617757797922813,-15.860405835702295,1.1472280025482178,2012-06-19 17:32:00
372,-2791.2405394925304,-714.8711977496988,-10383.296875,0.396590759419103,88.7,-5.509013077481541,-15.112560192238226,0.7602592706680298,2012-06-19 17:33:00
373,-2747.221131718269,-726.0489575111443,-10432.03515625,0.396590759419103,88.7,-4.164446309325328,-14.765829543887296,5.822043418884277,2012-06-19 17:34:00
374,-2703.030800379635,-737.1849935206757,-10480.12109375,0.396590759419103,88.7,2.8656788507460647,-16.452899238448822,2.131927013397217,2012-06-19 17:35:00
375,-2658.672475271198,-748.2794562970266,-10527.5576171875,0.396590759419103,88.7,8.553388436706655,-14.589144488067644,1.1127911806106567,2012-06-19 17:36:00
376,-2614.152082108515,-759.3320094291867,-10574.33984375,0.396590759419103,88.7,12.165723035910089,-15.435898665641837,1.7772480249404907,2012-06-19 17:37:00
377,-2569.473121380864,-770.3420342413046,-10620.4833984375,0.396590759419103,88.7,12.046553980215284,-10.887271307003891,8.122586250305176,2012-06-19 17:38:00
378,-2524.626851685676,-781.3133488610421,-10665.998046875,0.396590759419103,88.7,9.6494985065802,-15.607984428250179,8.352508544921875,2012-06-19 17:39:00
379,-2479.6581040279293,-792.2349563974676,-10710.8525390625,0.396590759419103,88.7,7.129948823695407,-14.901744650702513,12.333866119384766,2012-06-19 17:40:00
380,-2434.529247134441,-803.1170665464778,-10755.0810546875,0.396590759419103,88.7,2.089312823454712,-7.228253391452237,15.586721420288086,2012-06-19 17:41:00
381,-2389.259265667709,-813.9564942373927,-10798.677734375,0.396590759419103,88.7,3.3609031805636143,-6.345881315521793,15.48857593536377,2012-06-19 17:42:00
382,-2343.851666414765,-824.7525600849823,-10841.6513671875,0.396590759419103,88.7,4.843587827246111,-8.147301822951508,14.149479866027832,2012-06-19 17:43:00
383,-2298.308678997525,-835.50506584273,-10883.994140625,0.396590759419103,88.7,5.2663097145483135,-9.125930944308088,12.603723526000975,2012-06-19 17:44:00
384,-2252.636163005131,-846.2143125481033,-10925.716796875,0.396590759419103,88.7,6.267443174353787,-7.490163635924997,12.539655685424805,2012-06-19 17:45:00
385,-2206.836691661076,-856.8791557955392,-10966.82421875,0.396590759419103,88.7,6.278124736703526,-8.37482111122602,12.298713684082033,2012-06-19 17:46:00
386,-2160.914566765346,-867.5007168264765,-11007.3046875,0.396590759419103,88.7,5.975974446472229,-7.74144414752411,12.967395782470705,2012-06-19 17:47:00
387,-2114.8728346209587,-878.0780230361397,-11047.1875,0.396590759419103,88.7,4.628167703810334,-8.739441448195231,12.941035270690918,2012-06-19 17:48:00
388,-2068.715207065939,-888.6107844865874,-11086.4521484375,0.396590759419103,88.7,3.1441313638004904,-9.250647915779037,11.770179748535154,2012-06-19 17:49:00
389,-2022.4465786371195,-899.0991407418477,-11125.1103515625,0.396590759419103,88.7,-7.386261175569373,-6.192717632176232,3.2950594425201416,2012-06-19 17:50:00
390,-1976.0667505812607,-909.5426416452538,-11163.162109375,0.396590759419103,88.7,-14.659879154358089,-3.221496902862512,-1.7915912866592407,2012-06-19 17:51:00
391,-1929.5819530415326,-919.9415653114163,-11200.61328125,0.396590759419103,88.7,-13.311408184009078,-6.3194165314925215,-0.1937543302774429,2012-06-19 17:52:00
392,-1882.995309655432,-930.2953766967204,-11237.46484375,0.396590759419103,88.7,-13.86412862718256,-4.454767685569316,-1.8560279607772827,2012-06-19 17:53:00
393,-1836.3083988668088,-940.604239542763,-11273.7216796875,0.396590759419103,88.7,-13.440711859588015,-5.012271248508903,-2.822136640548706,2012-06-19 17:54:00
394,-1789.5282612021786,-950.8677183152761,-11309.38671875,0.396590759419103,88.7,-13.562796247052912,-7.419383690797338,2.6956138610839844,2012-06-19 17:55:00
395,-1742.654199637764,-961.0854338943193,-11344.4599609375,0.396590759419103,88.7,-13.387878962588909,-7.306375102575367,4.399407386779785,2012-06-19 17:56:00
396,-1695.6907444541248,-971.2574880573984,-11378.9375,0.396590759419103,88.7,-10.452623026311322,-7.8730280407110405,7.888485431671143,2012-06-19 17:57:00
397,-1648.640445445174,-981.3841453101722,-11412.830078125,0.396590759419103,88.7,-13.4395429550892,-4.508568981048568,5.721543312072754,2012-06-19 17:58:00
398,-1601.5068031001895,-991.4647869767896,-11446.1396484375,0.396590759419103,88.7,-13.82450377478952,0.2519014361546112,3.1452608108520512,2012-06-19 17:59:00
399,-1554.2928969723926,-1001.4993029792868,-11478.8740234375,0.396590759419103,88.7,-11.438611831615539,6.123354509324713,5.052302837371826,2012-06-19 18:00:00
400,-1507.0013398332337,-1011.4873507295332,-11511.0263671875,0.396590759419103,88.7,-11.463242170422127,7.593538368870632,3.7549197673797607,2012-06-19 18:01:00
401,-1459.6357868409534,-1021.4291866739976,-11542.59375,0.396590759419103,88.7,-9.671111134201505,8.443799718813423,4.180295467376709,2012-06-19 18:02:00
402,-1412.197259727644,-1031.3244259017092,-11573.5927734375,0.396590759419103,88.7,-4.861756559405052,11.096574782355841,2.0528039932250977,2012-06-19 18:03:00
403,-1364.6904353836392,-1041.1729399481655,-11604.01953125,0.396590759419103,88.7,10.647560809614284,-12.369852684087029,8.080870628356934,2012-06-19 18:04:00
404,-1317.117409416589,-1050.9746393901005,-11633.8740234375,0.396590759419103,88.7,10.170520977762607,-10.478745033233864,13.888298988342285,2012-06-19 18:05:00
405,-1269.4810122444455,-1060.7294496679142,-11663.16015625,0.396590759419103,88.7,12.565219484440926,-9.189305650958666,12.563728332519533,2012-06-19 18:06:00
406,-1221.783754113163,-1070.436833469832,-11691.88671875,0.396590759419103,88.7,10.539751343676249,-10.506191673993412,13.800039291381836,2012-06-19 18:07:00
407,-1174.0288233992126,-1080.0968147321555,-11720.0419921875,0.396590759419103,88.7,11.265686191032273,-12.720248161758304,13.09773063659668,2012-06-19 18:08:00
408,-1126.2295582861325,-1089.707402158353,-11747.6318359375,0.396590759419103,88.7,10.674297114479891,-14.460275345185563,12.943939208984375,2012-06-19 18:09:00
409,-1078.3548392813927,-1099.275185563176,-11774.6767578125,0.396590759419103,88.7,11.539227271748302,-15.905589207627136,11.669952392578125,2012-06-19 18:10:00
410,-1030.4410366114407,-1108.7926471180963,-11801.1552734375,0.396590759419103,88.7,12.736750621241642,-16.980059820543055,7.541922092437744,2012-06-19 18:11:00
411,-982.4799305738252,-1118.262125002826,-11827.0791015625,0.396590759419103,88.7,12.182309354768893,-13.087825341088172,9.668588638305664,2012-06-19 18:12:00
412,-934.4734638686704,-1127.6838207454855,-11852.4453125,0.396590759419103,88.7,6.0374345654755786,3.465982683890537,17.60713005065918,2012-06-19 18:13:00
413,-886.4248815522315,-1137.0572118979671,-11877.2626953125,0.396590759419103,88.7,-1.1757852166535336,5.337886036263083,17.36988639831543,2012-06-19 18:14:00
414,-838.3354459259572,-1146.3825521318572,-11901.5283203125,0.396590759419103,88.7,-3.1190091245338607,1.8310299723027723,16.269424438476562,2012-06-19 18:15:00
415,-790.2083058183597,-1155.6590635660245,-11925.2490234375,0.396590759419103,88.7,-2.637490102465883,-0.4703727292184432,17.19913101196289,2012-06-19 18:16:00
416,-742.0459251229587,-1164.8872472458893,-11948.42578125,0.396590759419103,88.7,-3.7657886989920084,-3.711764892318371,16.93644905090332,2012-06-19 18:17:00
417,-693.8505523549312,-1174.0667227967986,-11971.0478515625,0.396590759419103,88.7,-0.7308217661544547,-0.8808776358231696,18.093379974365234,2012-06-19 18:18:00
418,-645.6245700437203,-1183.1970010208486,-11993.1328125,0.396590759419103,88.7,1.0775415446609342,-1.5740390847020604,18.274089813232425,2012-06-19 18:19:00
419,-597.3702118408372,-1192.2784363536866,-12014.6806640625,0.396590759419103,88.7,2.4305855782687296,-4.597237871856431,17.40848731994629,2012-06-19 18:20:00
420,-549.0899565034679,-1201.3107950304332,-12035.6845703125,0.396590759419103,88.7,6.772964679327657,-11.181026741617078,14.330554962158205,2012-06-19 18:21:00
421,-500.7857845182589,-1210.2939143229346,-12056.1474609375,0.396590759419103,88.7,11.317111012071535,-12.40551906759692,12.198881149291992,2012-06-19 18:22:00
422,-452.460430075419,-1219.2274642385687,-12076.0810546875,0.396590759419103,88.7,10.662333462023646,-12.415738240329945,13.926015853881836,2012-06-19 18:23:00
423,-404.11573964733003,-1228.1113908724328,-12095.474609375,0.396590759419103,88.7,12.94934076620492,-11.978118948628216,14.865169525146484,2012-06-19 18:24:00
424,-355.74581018793015,-1236.9472909221893,-12114.333984375,0.396590759419103,88.7,12.918297951315935,-11.855866903578566,15.58968734741211,2012-06-19 18:25:00
425,-307.3775150561005,-1245.7304658777355,-12132.6650390625,0.396590759419103,88.7,10.480485079945986,-13.20051807031441,16.107486724853516,2012-06-19 18:26:00
426,-258.98838975476247,-1254.4657034311722,-12150.4697265625,0.396590759419103,88.7,11.90324918260714,-11.882968862689154,15.35698413848877,2012-06-19 18:27:00
427,-210.58900553376407,-1263.1487002865294,-12167.7421875,0.396590759419103,88.7,6.505066616442412,-10.213736198486076,12.656609535217285,2012-06-19 18:28:00
428,-162.18102799206372,-1271.7823291845993,-12184.484375,0.396590759419103,88.7,3.955076290984884,-11.759624360576767,14.365972518920898,2012-06-19 18:29:00
429,-113.76694073684305,-1280.365865962155,-12200.70703125,0.396590759419103,88.7,-4.5154643342763015,-16.21632280698643,5.403102397918701,2012-06-19 18:30:00
430,-65.34864320435099,-1288.8988940324589,-12216.412109375,0.396590759419103,88.7,-4.0943737971604435,-16.377390535660354,6.186182498931885,2012-06-19 18:31:00
431,-16.928363568746136,-1297.3807854600282,-12231.580078125,0.396590759419103,88.7,-4.337842750359428,-16.300671861966606,4.169236183166504,2012-06-19 18:32:00
432,31.491854235269326,-1305.8118750000278,-12246.2265625,0.396590759419103,88.7,-4.9262638464972435,-15.818300744032733,5.178660392761231,2012-06-19 18:33:00
433,79.90997159350674,-1314.1918832288636,-12260.3662109375,0.396590759419103,88.7,-4.188299584126277,-16.178973591175147,6.529647350311278,2012-06-19 18:34:00
434,128.32395705969557,-1322.5207754301018,-12273.970703125,0.396590759419103,88.7,-3.5795320872590684,-16.622621624510128,5.493834972381592,2012-06-19 18:35:00
435,176.73178935807502,-1330.7983931068934,-12287.0654296875,0.396590759419103,88.7,-4.258906427212125,-14.505724705153243,7.582834720611572,2012-06-19 18:36:00
436,225.13142028154016,-1339.0239669293078,-12299.66015625,0.396590759419103,88.7,-2.022476157908926,-17.81395796848259,7.0247554779052725,2012-06-19 18:37:00
437,273.5209412292288,-1347.198553965708,-12311.720703125,0.396590759419103,88.7,1.3948900610867607,-10.471741758841027,10.97446060180664,2012-06-19 18:38:00
438,321.8982495537548,-1355.3207769067535,-12323.26953125,0.396590759419103,88.7,6.622703819528367,4.552620848575408,20.40782356262207,2012-06-19 18:39:00
439,370.24966655856315,-1363.3893547689186,-12334.3017578125,0.396590759419103,88.7,6.99803281581028,0.8758395356139763,19.80885887145996,2012-06-19 18:40:00
440,418.60869489298415,-1371.4098937953802,-12344.8486328125,0.396590759419103,88.7,7.095880206073452,-2.467204801129874,20.32389640808105,2012-06-19 18:41:00
441,466.9377953613485,-1379.3757337741092,-12354.865234375,0.396590759419103,88.7,3.3736486527794165,-1.5146945607397306,20.55733299255371,2012-06-19 18:42:00
442,515.2469834427801,-1387.2895174994278,-12364.3623046875,0.396590759419103,88.7,1.105553986022498,-1.1692436826983983,20.296449661254886,2012-06-19 18:43:00
443,563.5343496873602,-1395.1505839726447,-12373.3583984375,0.396590759419103,88.7,4.123456882928989,-3.8036548980672635,20.93134307861328,2012-06-19 18:44:00
444,611.7977921896836,-1402.9587830611151,-12381.8671875,0.396590759419103,88.7,6.292997746763217,-3.0525374760666857,22.67251396179199,2012-06-19 18:45:00
445,660.0357199103919,-1410.714157087678,-12389.84765625,0.396590759419103,88.7,4.0891692344357695,0.9218871488949922,22.63160514831543,2012-06-19 18:46:00
446,708.2460183485726,-1418.4164345009324,-12397.3330078125,0.396590759419103,88.7,4.909185070274123,0.2153921706736632,22.99201202392578,2012-06-19 18:47:00
447,756.4267929179732,-1426.0656891124859,-12404.3017578125,0.396590759419103,88.7,7.472559913101593,-1.2902196820262013,23.51155090332031,2012-06-19 18:48:00
448,804.576149659697,-1433.6605219644707,-12410.78515625,0.396590759419103,88.7,3.77997302205886,2.0525533327157803,23.97041130065918,2012-06-19 18:49:00
449,852.6925776437483,-1441.2029306753589,-12416.7470703125,0.396590759419103,88.7,5.361596595291144,5.19383646750583,23.34376716613769,2012-06-19 18:50:00
450,900.7736520178439,-1448.6908350078884,-12422.2509765625,0.396590759419103,88.7,9.274084122423858,10.33317448105727,21.03343963623047,2012-06-19 18:51:00
451,948.818003925444,-1456.1252360394544,-12427.2158203125,0.396590759419103,88.7,6.6277140724448245,10.44976367035834,20.671838760375977,2012-06-19 18:52:00
452,996.823504001969,-1463.505127408353,-12431.6884765625,0.396590759419103,88.7,6.191316858109487,8.975371017208252,20.92574882507324,2012-06-19 18:53:00
453,1044.7883687525757,-1470.8310623034713,-12435.6337890625,0.396590759419103,88.7,5.18391073034114,5.362228951425274,21.23090171813965,2012-06-19 18:54:00
454,1092.7107620322304,-1478.102494847122,-12439.1533203125,0.396590759419103,88.7,7.871872344878072,5.595494289491022,21.66183853149414,2012-06-19 18:55:00
455,1140.5973686770876,-1485.3205724610175,-12442.1083984375,0.396590759419103,88.7,4.044642614459397,3.2575570962590774,20.925312042236328,2012-06-19 18:56:00
456,1188.4212946735688,-1492.4815805806256,-12444.6015625,0.396590759419103,88.7,0.334494828464337,0.916504015940706,20.900821685791016,2012-06-19 18:57:00
457,1236.2056529219362,-1499.5882760293698,-12446.5693359375,0.396590759419103,88.7,0.2556420240156924,10.582482831534458,16.742094039916992,2012-06-19 18:58:00
458,1283.9404928750835,-1506.6399728829983,-12448.0947265625,0.396590759419103,88.7,-6.0933863200501515,6.085405953652121,19.659666061401367,2012-06-19 18:59:00
459,1331.623553422326,-1513.6361693481006,-12448.9580078125,0.396590759419103,88.7,-6.338303358654301,15.460504376815473,15.782149314880373,2012-06-19 19:00:00
460,1379.2536203760856,-1520.5769913797512,-12449.71875,0.396590759419103,88.7,-8.182594131666775,17.184124361392136,11.123851776123047,2012-06-19 19:01:00
461,1426.8282401701917,-1527.4624480505865,-12449.7890625,0.396590759419103,88.7,-7.167004206634999,18.26600726876169,8.222843170166017,2012-06-19 19:02:00
462,1474.3461940807492,-1534.2914385325955,-12449.220703125,0.396590759419103,88.7,-4.6519406046119665,16.183687871350838,8.097518920898438,2012-06-19 19:03:00
463,1521.8055897896636,-1541.0646500289313,-12448.2958984375,0.396590759419103,88.7,-6.913831429232397,13.179551789241726,6.177407264709473,2012-06-19 19:04:00
464,1569.2047813392292,-1547.7804124043166,-12446.7744140625,0.396590759419103,88.7,-7.836779652076707,10.979277727557486,4.6028780937194815,2012-06-19 19:05:00
465,1616.5411695669472,-1554.4420634198775,-12444.8662109375,0.396590759419103,88.7,-6.8489426445324,15.537769194852686,1.8327114582061768,2012-06-19 19:06:00
466,1663.8138279550228,-1561.0454038011221,-12442.4248046875,0.396590759419103,88.7,-5.089324422147271,16.75482050892595,1.1506843566894531,2012-06-19 19:07:00
467,1711.02086872168,-1567.592347534287,-12439.4990234375,0.396590759419103,88.7,-3.8713115078106166,16.319684682185528,1.1093562841415403,2012-06-19 19:08:00
468,1758.1593858759215,-1574.082091547226,-12436.1328125,0.396590759419103,88.7,-0.7098510374817266,16.034072934339573,3.681358814239502,2012-06-19 19:09:00
469,1805.2299280703164,-1580.5151925516973,-12432.240234375,0.396590759419103,88.7,2.2911555994913613,17.739413488069147,4.920795917510986,2012-06-19 19:10:00
470,1852.2173915062976,-1586.8868356376954,-12427.8779296875,0.396590759419103,88.7,0.1826804208042034,17.399067672739875,3.798553943634033,2012-06-19 19:11:00
471,1899.1551280731933,-1593.2062017232786,-12423.025390625,0.396590759419103,88.7,-0.1769744323750046,16.89589107459517,3.694937944412232,2012-06-19 19:12:00
472,1946.0064743250118,-1599.4653124959034,-12417.6669921875,0.396590759419103,88.7,-1.4153137071194593,17.006817929375046,2.1344161033630367,2012-06-19 19:13:00
473,1992.7815216275985,-1605.6668028776996,-12411.8310546875,0.396590759419103,88.7,-2.1933695180087693,15.088679489076252,6.4666852951049805,2012-06-19 19:14:00
474,2039.478247171468,-1611.808919101156,-12405.5439453125,0.396590759419103,88.7,1.3440493633065391,15.165623079996571,4.758047580718994,2012-06-19 19:15:00
475,2086.0948216160627,-1617.8929554632132,-12398.7431640625,0.396590759419103,88.7,1.7117709775630487,16.03399851767513,4.2493228912353525,2012-06-19 19:16:00
476,2132.629787936291,-1623.9190631099618,-12391.4814453125,0.396590759419103,88.7,3.748143810981887,14.608643589237404,6.171412944793701,2012-06-19 19:17:00
477,2179.081232145915,-1629.8853542596253,-12383.7255859375,0.396590759419103,88.7,5.085287679613716,1.9337374168153258,17.774974822998047,2012-06-19 19:18:00
478,2225.447408536612,-1635.7927463573633,-12375.4814453125,0.396590759419103,88.7,3.940752530700866,3.9007611311078,17.696195602416992,2012-06-19 19:19:00
479,2271.726529077222,-1641.640565808977,-12366.759765625,0.396590759419103,88.7,4.130565020048453,6.444206655454228,17.92066192626953,2012-06-19 19:20:00
